{
 "TimeSecs": {
  "max": 3600.0,
  "min": -900.0,
  "mean": 1695.2689440048691,
  "midian": 1800.0,
  "quartiles": [
   778.0,
   1800.0,
   2585.0
  ],
  "miss_num": 224
 },
 "yrdline100": {
  "max": 99.0,
  "min": 1.0,
  "mean": 48.644080836086204,
  "midian": 49.0,
  "quartiles": [
   30.0,
   49.0,
   70.0
  ],
  "miss_num": 840
 }
}